display_name,stub,dropdown_parent
Home,/
Buildings,,
Apartment Building for John Buffelen,/apartment.html,Buildings
Arlington Elementary School Addition,/arlington.html,Buildings
Carsten Packing Company Abattoir,/abattoir.html,Buildings
City Hall - Proposed,/ch.html,Buildings
Comfort Station for Women,/comfort.html,Buildings
Crystal Palace Public Market,/crystal.html,Buildings
Donnelly Site Hotel,/donnelly.html,Buildings
Dupont School Building Addition,/dupont.html,Buildings
Edison School Annex,/edison.html,Buildings
Fireboat for the City of Tacoma,/fireboat.html,Buildings
Garage for Jail and Public Safety Building,/garage.html,Buildings
Hawthorne School,/hawthorne.html,Buildings
Lawrence Block Remodel,/lawrence.html,Buildings
Mission Theater,/mission.html,Buildings
Mottau Building,/mottau.html,Buildings
New York Waist House,/waist.html,Buildings
N.P.B.A. Hospital,/npba.html,Buildings
Pacific Refrigerating Company,/pacific.html,Buildings
Pacific Savings and Loan,/psl.html,Buildings
Point Defiance Pavilion,/defiance.html,Buildings
Roosevelt School,/roosevelt.html,Buildings
Scandinavian American Bank Hotel,/sabh.html,Buildings
Sperry Flour Company Elevator,/sperry.html,Buildings
Talmud Torah Synagogue,/talmud.html,Buildings
Visitation Academy,/visitation.html,Buildings
Washington Hardware Company Remodel,/hardware.html,Buildings
Architects,,
Abraham H. Albertson,/albertson.html,Architects
Everett Phipps Babcock,/babcock.html,Architects
Arthur J. Bachelor,/bachelor.html,Architects
Lambert Bassindale,/bassindale.html,Architects
P.V. Cornils,/cornils.html,Architects
Maurice C. Couchot,/couchot.html,Architects
Earl N. Dugan,/dugan.html,Architects
Henschien Everds & Crombie,/hec.html,Architects
George L. Ekvall,/ekvall.html,Architects
Harry E. Flickinger,/flickinger.html,Architects
George Gove,/gove.html,Architects
Jack D. Griffin,/griffin.html,Architects
Frederick Henry Heath,/heath.html,Architects
Irwin H. Hill,/hill.html,Architects
Gaston C. Lance,/lance.html,Architects
William Mallis,/mallis.html,Architects
Ernest Thornton Mock,/mock.html,Architects
Wilbur C. Raleigh,/raleigh.html,Architects
Thomas Mck. Rowlands,/rowlands.html,Architects
Ambrose James Russell,/russell.html,Architects
Albert Sutton,/sutton.html,Architects
Harrison Allen Whitney,/whitney.html,Architects
Map,/map.html
Timeline,/timeline.html
Browse,/browse.html
Data,/data.html
